Designator,Mid X,Mid Y,Rotation,Layer
BT1,100.0,-70.0,180.0,bottom
D1,99.98,-45.0,0.0,top
D2,91.98,-45.0,0.0,top
D3,107.98,-45.0,0.0,top
D4,99.98,-36.8,0.0,top
D5,99.98,-52.8,0.0,top
Q1,94.52,-84.5,0.0,top
R1,112.055923,-78.944077,225.0,top
R2,90.5,-53.31,270.0,top
R3,106.0,-53.31,270.0,top
R4,114.0,-64.31,90.0,top
R5,94.0,-53.31,270.0,top
R6,102.54,-84.5,180.0,top
R7,88.0,-78.0,315.0,top
SW1,112.75,-54.75,180.0,top
